city,company,contact_person,country,email_address,note,phone,sector,state,status,street
Wilmington,Stoltenberg and Sons,Theodor Balser,United States,tbalser0@tripadvisor.com,morbi vestibulum velit id pretium iaculis diam erat fermentum justo nec,302-432-8650,Accounting,Delaware,lectus,65689 Scoville Street
Atlanta,Keeling LLC,Ericka Chatenier,United States,echatenier1@walmart.com,fusce lacus purus aliquet at feugiat non pretium quis lectus suspendisse,404-299-4659,Legal,Georgia,erat,02909 Spaight Plaza
Manassas,Satterfield and Sons,Lenora Harcase,United States,lharcase2@pinterest.com,augue quam sollicitudin vitae consectetuer eget rutrum at lorem integer tincidunt ante vel ipsum praesent blandit lacinia erat vestibulum,434-666-6012,Training,Virginia,proin,82340 Killdeer Junction
Tulsa,"Jacobs, Beer and Gorczany",Paige Largan,United States,plargan3@wikispaces.com,ligula vehicula consequat morbi a ipsum integer a nibh in quis justo,918-595-4716,Accounting,Oklahoma,mi,91992 Emmet Trail
Las Cruces,"Rempel, Gleichner and Grimes",Jsandye Waterland,United States,jwaterland4@mac.com,molestie hendrerit at vulputate vitae nisl aenean lectus pellentesque eget nunc donec,505-927-8986,Legal,New Mexico,volutpat,90 Arizona Way
Little Rock,Mann-Oberbrunner,Morry Broadway,United States,mbroadway5@nasa.gov,sed augue aliquam erat volutpat in congue etiam justo etiam pretium iaculis justo in hac habitasse,501-110-5282,Research and Development,Arkansas,nulla,4632 Banding Junction
Fort Lauderdale,Bruen-Hahn,Natalya Matthewson,United States,nmatthewson6@huffingtonpost.com,erat tortor sollicitudin mi sit amet lobortis sapien sapien non mi integer ac neque duis bibendum morbi,754-478-4000,Legal,Florida,nascetur,5 Welch Terrace
Jefferson City,Ruecker-Schmeler,Scarlett Guitte,United States,sguitte7@cbsnews.com,tellus nulla ut erat id mauris vulputate elementum nullam varius nulla facilisi cras non,573-730-8349,Legal,Missouri,sed,708 Dawn Circle
Miami,D'Amore-Batz,Hanson Scay,United States,hscay8@ucsd.edu,sed ante vivamus tortor duis mattis egestas metus aenean fermentum donec ut mauris eget massa tempor,305-718-9710,Product Management,Florida,aenean,75 Kingsford Pass
Las Vegas,"Keeling, Langosh and Fritsch",Clarinda Gerrit,United States,cgerrit9@alibaba.com,sapien cursus vestibulum proin eu mi nulla ac enim in tempor turpis nec euismod scelerisque quam,702-520-1649,Research and Development,Nevada,convallis,8 Becker Drive
Atlanta,Hermiston and Sons,Charline Roggieri,United States,croggieria@smh.com.au,congue diam id ornare imperdiet sapien urna pretium nisl ut,404-898-1308,Services,Georgia,donec,39 Alpine Avenue
Irvine,Schumm-Mueller,Dallon Bardey,United States,dbardeyb@harvard.edu,faucibus orci luctus et ultrices posuere cubilia curae duis faucibus accumsan odio curabitur,714-775-5535,Research and Development,California,orci,6 Glacier Hill Circle
New Haven,Bradtke-Bergstrom,Flynn Wayon,United States,fwayonc@xrea.com,arcu adipiscing molestie hendrerit at vulputate vitae nisl aenean lectus pellentesque eget nunc donec,203-748-3263,Support,Connecticut,aliquet,6 Carey Hill
Pensacola,"Senger, Vandervort and Crist",Caroline Dack,United States,cdackd@mediafire.com,posuere cubilia curae duis faucibus accumsan odio curabitur convallis duis consequat dui nec nisi volutpat eleifend,850-394-3521,Marketing,Florida,justo,6 Stephen Pass
Erie,Champlin and Sons,Sande Brims,United States,sbrimse@smugmug.com,in quis justo maecenas rhoncus aliquam lacus morbi quis tortor id nulla ultrices aliquet maecenas leo odio,814-401-6220,Engineering,Pennsylvania,rhoncus,07968 Forest Parkway
Orange,Harber and Sons,Shay Deniske,United States,sdeniskef@discuz.net,est quam pharetra magna ac consequat metus sapien ut nunc vestibulum ante ipsum primis in,949-366-2413,Accounting,California,dui,854 Milwaukee Place
Oklahoma City,"Emard, Goldner and Klocko",Blondelle Vidgeon,United States,bvidgeong@sciencedirect.com,cubilia curae donec pharetra magna vestibulum aliquet ultrices erat tortor sollicitudin mi sit amet,405-566-5740,Training,Oklahoma,sapien,1 Rockefeller Way
Philadelphia,Cassin and Sons,Rosabelle Thebeaud,United States,rthebeaudh@infoseek.co.jp,montes nascetur ridiculus mus etiam vel augue vestibulum rutrum rutrum neque,267-126-1660,Engineering,Pennsylvania,in,437 Pleasure Park
Schenectady,Wiegand Inc,Ferdinanda Tiley,United States,ftileyi@mediafire.com,sed vel enim sit amet nunc viverra dapibus nulla suscipit ligula in lacus curabitur,518-578-8366,Training,New York,egestas,45414 Westend Street
Louisville,"Kuvalis, King and Mueller",Ilyse Janos,United States,ijanosj@apache.org,felis sed interdum venenatis turpis enim blandit mi in porttitor pede justo eu massa donec,502-313-0781,Engineering,Kentucky,duis,48926 Southridge Center
Colorado Springs,Dickens-Williamson,Annabela Caig,United States,acaigk@behance.net,eu sapien cursus vestibulum proin eu mi nulla ac enim in tempor turpis nec,719-448-6158,Accounting,Colorado,primis,12801 Scott Pass
Carol Stream,"O'Hara, Feil and Hyatt",Conney Setter,United States,csetterl@economist.com,consequat varius integer ac leo pellentesque ultrices mattis odio donec vitae nisi nam ultrices libero non mattis pulvinar nulla,309-730-4114,Product Management,Illinois,luctus,6 Lighthouse Bay Drive
Washington,Kautzer Inc,Othello Rolfo,United States,orolfom@ihg.com,sollicitudin mi sit amet lobortis sapien sapien non mi integer ac neque duis bibendum morbi non quam nec dui luctus,202-563-7578,Engineering,District of Columbia,eu,4 Comanche Court
Carson City,Denesik Group,Mirabella Parlot,United States,mparlotn@arstechnica.com,magnis dis parturient montes nascetur ridiculus mus vivamus vestibulum sagittis sapien cum sociis natoque penatibus et magnis dis parturient,775-853-3745,Marketing,Nevada,amet,18254 Parkside Hill
Gainesville,"Ebert, Abernathy and Kris",Lucio Crichmer,United States,lcrichmero@yellowbook.com,integer aliquet massa id lobortis convallis tortor risus dapibus augue vel accumsan tellus,404-517-9743,Services,Georgia,curabitur,47 Alpine Point
Houston,Waelchi Group,Felike Pert,United States,fpertp@washingtonpost.com,ligula vehicula consequat morbi a ipsum integer a nibh in quis justo maecenas rhoncus aliquam lacus morbi quis tortor id,713-312-0412,Human Resources,Texas,eu,58 Lakewood Gardens Parkway
Colorado Springs,"Grady, Aufderhar and Dicki",Shari Greser,United States,sgreserq@issuu.com,mauris vulputate elementum nullam varius nulla facilisi cras non velit,719-767-5477,Sales,Colorado,sit,1358 Armistice Street
New Orleans,Tremblay-Cormier,Noami Larkins,United States,nlarkinsr@amazon.co.jp,sit amet turpis elementum ligula vehicula consequat morbi a ipsum integer a nibh in,504-908-0173,Sales,Louisiana,est,3 Laurel Hill
Charlotte,Beer-Renner,Joice Bollands,United States,jbollandss@uol.com.br,enim in tempor turpis nec euismod scelerisque quam turpis adipiscing lorem vitae mattis nibh ligula nec,704-603-2947,Marketing,North Carolina,sit,5564 Northridge Trail
Saint Louis,Hayes and Sons,Saul Sprey,United States,sspreyt@msn.com,vel augue vestibulum ante ipsum primis in faucibus orci luctus et ultrices posuere,314-404-2174,Services,Missouri,imperdiet,8 Rigney Parkway
Chicago,"Douglas, Rice and Berge",Minta Nunnerley,United States,mnunnerleyu@i2i.jp,est quam pharetra magna ac consequat metus sapien ut nunc vestibulum ante ipsum primis in faucibus orci luctus,312-343-8987,Business Development,Illinois,in,768 Carioca Alley
Charlotte,Quitzon-Witting,Delia Luna,United States,dlunav@wikimedia.org,justo lacinia eget tincidunt eget tempus vel pede morbi porttitor lorem id ligula suspendisse ornare,704-122-5739,Accounting,North Carolina,malesuada,4811 Rigney Crossing
El Paso,"Goodwin, Koch and Green",Miquela Rollason,United States,mrollasonw@mozilla.com,varius integer ac leo pellentesque ultrices mattis odio donec vitae nisi nam ultrices libero non mattis,915-960-7626,Sales,Texas,nibh,75 Marcy Junction
Boulder,Ritchie-Cormier,Jerad Strelitzki,United States,jstrelitzkix@nps.gov,integer a nibh in quis justo maecenas rhoncus aliquam lacus,303-871-3312,Research and Development,Colorado,et,581 Merchant Alley
Glendale,Stokes Inc,Alfons Newart,United States,anewarty@intel.com,justo morbi ut odio cras mi pede malesuada in imperdiet et commodo vulputate justo in blandit,602-601-8113,Sales,Arizona,ut,9327 Stephen Place
Albany,Hilpert-Cartwright,Enos Dyment,United States,edymentz@pagesperso-orange.fr,id sapien in sapien iaculis congue vivamus metus arcu adipiscing molestie hendrerit at vulputate,518-850-8757,Research and Development,New York,cubilia,8 Spohn Crossing
Kansas City,Muller and Sons,Sallie Inkster,United States,sinkster10@europa.eu,lacus morbi sem mauris laoreet ut rhoncus aliquet pulvinar sed nisl nunc rhoncus dui vel,913-923-1587,Sales,Kansas,elementum,74 Bowman Parkway
Chattanooga,Turner Group,Ferguson Stredwick,United States,fstredwick11@google.com.br,quisque ut erat curabitur gravida nisi at nibh in hac habitasse platea dictumst aliquam augue quam sollicitudin vitae consectetuer eget,423-308-1833,Services,Tennessee,erat,36 Pierstorff Crossing
Los Angeles,Cronin LLC,Sherilyn Mesant,United States,smesant12@cyberchimps.com,turpis elementum ligula vehicula consequat morbi a ipsum integer a nibh in quis justo maecenas rhoncus aliquam,213-498-5212,Business Development,California,pulvinar,7 Leroy Terrace
Detroit,"Mann, Powlowski and Ortiz",Josh Livingston,United States,jlivingston13@google.pl,felis fusce posuere felis sed lacus morbi sem mauris laoreet ut rhoncus aliquet,313-101-2009,Services,Michigan,donec,6 Continental Drive
Augusta,"Parisian, Vandervort and Grimes",Marcelline Lorie,United States,mlorie14@acquirethisname.com,sit amet justo morbi ut odio cras mi pede malesuada in imperdiet et commodo vulputate justo in blandit ultrices enim,706-411-9784,Support,Georgia,proin,663 Shoshone Terrace
Las Vegas,"Purdy, Schumm and Collins",Cesaro Amerighi,United States,camerighi15@msu.edu,id ornare imperdiet sapien urna pretium nisl ut volutpat sapien arcu sed,702-827-2974,Human Resources,Nevada,mi,75266 Lukken Plaza
Tucson,"Jast, Bode and Veum",Dani Copcutt,United States,dcopcutt16@ow.ly,mattis egestas metus aenean fermentum donec ut mauris eget massa tempor convallis nulla neque libero convallis eget,520-774-0318,Services,Arizona,eleifend,7 Clove Point
Minneapolis,Davis-Fadel,Lauri Chasemore,United States,lchasemore17@t-online.de,eleifend pede libero quis orci nullam molestie nibh in lectus pellentesque at nulla suspendisse,612-628-3421,Marketing,Minnesota,posuere,2229 Northland Plaza
New Orleans,"Schmitt, Schiller and Wintheiser",Gardiner Newdick,United States,gnewdick18@gizmodo.com,est donec odio justo sollicitudin ut suscipit a feugiat et eros vestibulum ac,985-373-4065,Marketing,Louisiana,ipsum,0678 Hoepker Court
Wichita,Kozey Inc,Ulric Oades,United States,uoades19@intel.com,quam a odio in hac habitasse platea dictumst maecenas ut massa quis augue luctus tincidunt nulla mollis molestie lorem,316-926-0879,Product Management,Kansas,nascetur,026 Valley Edge Street
Jackson,Wiza and Sons,Devy Glavias,United States,dglavias1a@guardian.co.uk,primis in faucibus orci luctus et ultrices posuere cubilia curae duis faucibus accumsan odio,601-443-8659,Research and Development,Mississippi,suscipit,6 Mccormick Lane
Fort Wayne,Parisian Group,Herrick Bahlmann,United States,hbahlmann1b@reuters.com,mauris morbi non lectus aliquam sit amet diam in magna,260-527-0072,Support,Indiana,vivamus,85232 Hansons Drive
Bakersfield,Stehr-Upton,Fayre Spellward,United States,fspellward1c@parallels.com,eros vestibulum ac est lacinia nisi venenatis tristique fusce congue diam id ornare imperdiet sapien urna pretium nisl,661-589-8962,Engineering,California,mollis,6 Arizona Pass
Zephyrhills,Jacobi-Hettinger,Juan Bedle,United States,jbedle1d@jalbum.net,et commodo vulputate justo in blandit ultrices enim lorem ipsum dolor sit amet consectetuer adipiscing elit proin interdum mauris non,813-892-3614,Business Development,Florida,pellentesque,1 Harper Court
Greensboro,Gottlieb LLC,Joyce Lemonby,United States,jlemonby1e@addthis.com,eu tincidunt in leo maecenas pulvinar lobortis est phasellus sit amet erat nulla tempus vivamus in felis eu sapien cursus,336-855-2050,Support,North Carolina,ac,35963 Hanover Center
Houston,Bayer Group,Alric Kunze,United States,akunze1f@github.com,nullam sit amet turpis elementum ligula vehicula consequat morbi a ipsum integer a nibh in,281-496-9375,Engineering,Texas,nec,6012 Rockefeller Point
Denver,Kris Group,Olivette Engall,United States,oengall1g@disqus.com,interdum mauris non ligula pellentesque ultrices phasellus id sapien in,303-858-7415,Human Resources,Colorado,elit,94125 Green Plaza
Davenport,"Padberg, Lesch and Boyle",Netty Leadbeater,United States,nleadbeater1h@deliciousdays.com,lacinia nisi venenatis tristique fusce congue diam id ornare imperdiet sapien urna,563-601-3810,Training,Iowa,fringilla,8 Ludington Junction
Minneapolis,Feeney LLC,Kristan Allbon,United States,kallbon1i@nhs.uk,duis consequat dui nec nisi volutpat eleifend donec ut dolor morbi vel,612-169-4243,Research and Development,Minnesota,luctus,4221 Esker Way
Charleston,Bosco LLC,Stacy Sheer,United States,ssheer1j@rediff.com,ornare imperdiet sapien urna pretium nisl ut volutpat sapien arcu sed augue aliquam erat volutpat in congue etiam justo,843-794-7626,Legal,South Carolina,platea,7 7th Point
Cheyenne,Metz LLC,Courtenay Trudgeon,United States,ctrudgeon1k@usatoday.com,id nulla ultrices aliquet maecenas leo odio condimentum id luctus nec molestie sed,307-986-2232,Research and Development,Wyoming,odio,296 Dayton Pass
Concord,White-Corkery,Melantha Maybury,United States,mmaybury1l@cocolog-nifty.com,fusce posuere felis sed lacus morbi sem mauris laoreet ut rhoncus aliquet pulvinar sed nisl,925-399-1012,Legal,California,eu,81 Michigan Court
Suffolk,Mertz-Kiehn,Merla Ubank,United States,mubank1m@nps.gov,montes nascetur ridiculus mus etiam vel augue vestibulum rutrum rutrum neque aenean auctor gravida sem praesent id massa id nisl,757-562-2927,Research and Development,Virginia,quis,039 Briar Crest Center
Omaha,Schmeler-Terry,Charlotte Diggle,United States,cdiggle1n@fc2.com,praesent blandit lacinia erat vestibulum sed magna at nunc commodo placerat praesent blandit nam nulla integer,712-406-2258,Support,Nebraska,in,2220 Swallow Trail
