name,country_id
Badakhshan,1
Badgis,1
Baglan,1
Balkh,1
Bamiyan,1
Farah,1
Faryab,1
Gawr,1
Gazni,1
Herat,1
Hilmand,1
Jawzjan,1
Kabul,1
Kapisa,1
Khawst,1
Kunar,1
Lagman,1
Lawghar,1
Nangarhar,1
Nimruz,1
Nuristan,1
Paktika,1
Paktiya,1
Parwan,1
Qandahar,1
Qunduz,1
Samangan,1
Sar-e Pul,1
Takhar,1
Uruzgan,1
Wardag,1
Zabul,1
Berat,3
Bulqize,3
Delvine,3
Devoll,3
Dibre,3
Durres,3
Elbasan,3
Fier,3
Gjirokaster,3
Gramsh,3
Has,3
Kavaje,3
Kolonje,3
Korce,3
Kruje,3
Kucove,3
Kukes,3
Kurbin,3
Lezhe,3
Librazhd,3
Lushnje,3
Mallakaster,3
Malsi e Madhe,3
Mat,3
Mirdite,3
Peqin,3
Permet,3
Pogradec,3
Puke,3
Sarande,3
Shkoder,3
Skrapar,3
Tepelene,3
Tirane,3
Tropoje,3
Vlore,3
\'Ayn Daflah,4
\'Ayn Tamushanat,4
Adrar,4
Algiers,4
Annabah,4
Bashshar,4
Batnah,4
Bijayah,4
Biskrah,4
Blidah,4
Buirah,4
Bumardas,4
Burj Bu Arririj,4
Ghalizan,4
Ghardayah,4
Ilizi,4
Jijili,4
Jilfah,4
Khanshalah,4
Masilah,4
Midyah,4
Milah,4
Muaskar,4
Mustaghanam,4
Naama,4
Oran,4
Ouargla,4
Qalmah,4
Qustantinah,4
Sakikdah,4
Satif,4
Sayda\',4
Sidi ban-al-\'Abbas,4
Suq Ahras,4
Tamanghasat,4
Tibazah,4
Tibissah,4
Tilimsan,4
Tinduf,4
Tisamsilt,4
Tiyarat,4
Tizi Wazu,4
Umm-al-Bawaghi,4
Wahran,4
Warqla,4
Wilaya d Alger,4
Wilaya de Bejaia,4
Wilaya de Constantine,4
al-Aghwat,4
al-Bayadh,4
al-Jaza\'ir,4
al-Wad,4
ash-Shalif,4
at-Tarif,4
Eastern,5
Manu\'a,5
Swains Island,5
Western,5
Andorra la Vella,6
Canillo,6
Encamp,6
La Massana,6
Les Escaldes,6
Ordino,6
Sant Julia de Loria,6
Bengo,7
Benguela,7
Bie,7
Cabinda,7
Cunene,7
Huambo,7
Huila,7
Kuando-Kubango,7
Kwanza Norte,7
Kwanza Sul,7
Luanda,7
Lunda Norte,7
Lunda Sul,7
Malanje,7
Moxico,7
Namibe,7
Uige,7
Zaire,7
Other Provinces,8
Sector claimed by Argentina/Ch,9
Sector claimed by Argentina/UK,9
Sector claimed by Australia,9
Sector claimed by France,9
Sector claimed by New Zealand,9
Sector claimed by Norway,9
Unclaimed Sector,9
Barbuda,10
Saint George,10
Saint John,10
Saint Mary,10
Saint Paul,10
Saint Peter,10
Saint Philip,10
Buenos Aires,11
Catamarca,11
Chaco,11
Chubut,11
Cordoba,11
Corrientes,11
Distrito Federal,11
Entre Rios,11
Formosa,11
Jujuy,11
La Pampa,11
La Rioja,11
Mendoza,11
Misiones,11
Neuquen,11
Rio Negro,11
Salta,11
San Juan,11
San Luis,11
Santa Cruz,11
Santa Fe,11
Santiago del Estero,11
Tierra del Fuego,11
Tucuman,11
Aragatsotn,12
Ararat,12
Armavir,12
Gegharkunik,12
Kotaik,12
Lori,12
Shirak,12
Stepanakert,12
Syunik,12
Tavush,12
Vayots Dzor,12
Yerevan,12
Aruba,13
Auckland,14
Australian Capital Territory,14
Balgowlah,14
Balmain,14
Bankstown,14
Baulkham Hills,14
Bonnet Bay,14
Camberwell,14
Carole Park,14
Castle Hill,14
Caulfield,14
Chatswood,14
Cheltenham,14
Cherrybrook,14
Clayton,14
Collingwood,14
Frenchs Forest,14
Hawthorn,14
Jannnali,14
Knoxfield,14
Melbourne,14
New South Wales,14
Northern Territory,14
Perth,14
Queensland,14
South Australia,14
Tasmania,14
Templestowe,14
Victoria,14
Werribee south,14
Western Australia,14
Wheeler,14
Bundesland Salzburg,15
Bundesland Steiermark,15
Bundesland Tirol,15
Burgenland,15
Carinthia,15
Karnten,15
Liezen,15
Lower Austria,15
Niederosterreich,15
Oberosterreich,15
Salzburg,15
Schleswig-Holstein,15
Steiermark,15
Styria,15
Tirol,15
Upper Austria,15
Vorarlberg,15
Wien,15
Abseron,16
Baki Sahari,16
Ganca,16
Ganja,16
Kalbacar,16
Lankaran,16
Mil-Qarabax,16
Mugan-Salyan,16
Nagorni-Qarabax,16
Naxcivan,16
Priaraks,16
Qazax,16
Saki,16
Sirvan,16
Xacmaz,16
\'Isa,18
Badiyah,18
Hidd,18
Jidd Hafs,18
Mahama,18
Manama,18
Sitrah,18
al-Manamah,18
al-Muharraq,18
ar-Rifa\'a,18
Bagar Hat,19
Bandarban,19
Barguna,19
Barisal,19
Bhola,19
Bogora,19
Brahman Bariya,19
Chandpur,19
Chattagam,19
Chittagong Division,19
Chuadanga,19
Dhaka,19
Dinajpur,19
Faridpur,19
Feni,19
Gaybanda,19
Gazipur,19
Gopalganj,19
Habiganj,19
Jaipur Hat,19
Jamalpur,19
Jessor,19
Jhalakati,19
Jhanaydah,19
Khagrachhari,19
Khulna,19
Kishorganj,19
Koks Bazar,19
Komilla,19
Kurigram,19
Kushtiya,19
Lakshmipur,19
Lalmanir Hat,19
Madaripur,19
Magura,19
Maimansingh,19
Manikganj,19
Maulvi Bazar,19
Meherpur,19
Munshiganj,19
Naral,19
Narayanganj,19
Narsingdi,19
Nator,19
Naugaon,19
Nawabganj,19
Netrakona,19
Nilphamari,19
Noakhali,19
Pabna,19
Panchagarh,19
Patuakhali,19
Pirojpur,19
Rajbari,19
Rajshahi,19
Rangamati,19
Rangpur,19
Satkhira,19
Shariatpur,19
Sherpur,19
Silhat,19
Sirajganj,19
Sunamganj,19
Tangayal,19
Thakurgaon,19
Christ Church,20
Saint Andrew,20
Saint George,20
Saint James,20
Saint John,20
Saint Joseph,20
Saint Lucy,20
Saint Michael,20
Saint Peter,20
Saint Philip,20
Saint Thomas,20
Brest,21
Homjel\',21
Hrodna,21
Mahiljow,21
Mahilyowskaya Voblasts,21
Minsk,21
Minskaja Voblasts\',21
Petrik,21
Vicebsk,21
Antwerpen,22
Berchem,22
Brabant,22
Brabant Wallon,22
Brussel,22
East Flanders,22
Hainaut,22
Liege,22
Limburg,22
Luxembourg,22
Namur,22
Ontario,22
Oost-Vlaanderen,22
Provincie Brabant,22
Vlaams-Brabant,22
Wallonne,22
West-Vlaanderen,22
Belize,23
Cayo,23
Corozal,23
Orange Walk,23
Stann Creek,23
Toledo,23
Alibori,24
Atacora,24
Atlantique,24
Borgou,24
Collines,24
Couffo,24
Donga,24
Littoral,24
Mono,24
Oueme,24
Plateau,24
Zou,24
Hamilton,25
Saint George,25
Bumthang,26
Chhukha,26
Chirang,26
Daga,26
Geylegphug,26
Ha,26
Lhuntshi,26
Mongar,26
Pemagatsel,26
Punakha,26
Rinpung,26
Samchi,26
Samdrup Jongkhar,26
Shemgang,26
Tashigang,26
Timphu,26
Tongsa,26
Wangdiphodrang,26
Beni,27
Chuquisaca,27
Cochabamba,27
La Paz,27
Oruro,27
Pando,27
Potosi,27
Santa Cruz,27
Tarija,27
Federacija Bosna i Hercegovina,28
Republika Srpska,28
Central Bobonong,29
Central Boteti,29
Central Mahalapye,29
Central Serowe-Palapye,29
Central Tutume,29
Chobe,29
Francistown,29
Gaborone,29
Ghanzi,29
Jwaneng,29
Kgalagadi North,29
Kgalagadi South,29
Kgatleng,29
Kweneng,29
Lobatse,29
Ngamiland,29
Ngwaketse,29
North East,29
Okavango,29
Orapa,29
Selibe Phikwe,29
South East,29
Sowa,29
Bouvet Island,30
Acre,31
Alagoas,31
Amapa,31
Amazonas,31
Bahia,31
Ceara,31
Distrito Federal,31
Espirito Santo,31
Estado de Sao Paulo,31
Goias,31
Maranhao,31
Mato Grosso,31
Mato Grosso do Sul,31
Minas Gerais,31
Para,31
Paraiba,31
Parana,31
Pernambuco,31
Piaui,31
Rio Grande do Norte,31
Rio Grande do Sul,31
Rio de Janeiro,31
Rondonia,31
Roraima,31
Santa Catarina,31
Sao Paulo,31
Sergipe,31
Tocantins,31
British Indian Ocean Territory,32
Blagoevgrad,34
Burgas,34
Dobrich,34
Gabrovo,34
Haskovo,34
Jambol,34
Kardzhali,34
Kjustendil,34
Lovech,34
Montana,34
Oblast Sofiya-Grad,34
Pazardzhik,34
Pernik,34
Pleven,34
Plovdiv,34
Razgrad,34
Ruse,34
Shumen,34
Silistra,34
Sliven,34
Smoljan,34
Sofija grad,34
Sofijska oblast,34
Stara Zagora,34
Targovishte,34
Varna,34
Veliko Tarnovo,34
Vidin,34
Vraca,34
Yablaniza,34
Bale,35
Bam,35
Bazega,35
Bougouriba,35
Boulgou,35
Boulkiemde,35
Comoe,35
Ganzourgou,35
Gnagna,35
Gourma,35
Houet,35
Ioba,35
Kadiogo,35
Kenedougou,35
Komandjari,35
Kompienga,35
Kossi,35
Kouritenga,35
Kourweogo,35
Leraba,35
Mouhoun,35
Nahouri,35
Namentenga,35
Noumbiel,35
Oubritenga,35
Oudalan,35
Passore,35
Poni,35
Sanguie,35
Sanmatenga,35
Seno,35
Sissili,35
Soum,35
Sourou,35
Tapoa,35
Tuy,35
Yatenga,35
Zondoma,35
Zoundweogo,35
Bubanza,36
Bujumbura,36
Bururi,36
Cankuzo,36
Cibitoke,36
Gitega,36
Karuzi,36
Kayanza,36
Kirundo,36
Makamba,36
Muramvya,36
Muyinga,36
Ngozi,36
Rutana,36
Ruyigi,36
Banteay Mean Chey,37
Bat Dambang,37
Kampong Cham,37
Kampong Chhnang,37
Kampong Spoeu,37
Kampong Thum,37
Kampot,37
Kandal,37
Kaoh Kong,37
Kracheh,37
Krong Kaeb,37
Krong Pailin,37
Krong Preah Sihanouk,37
Mondol Kiri,37
Otdar Mean Chey,37
Phnum Penh,37
Pousat,37
Preah Vihear,37
Prey Veaeng,37
Rotanak Kiri,37
Siem Reab,37
Stueng Traeng,37
Svay Rieng,37
Takaev,37
Adamaoua,38
Centre,38
Est,38
Littoral,38
Nord,38
Nord Extreme,38
Nordouest,38
Ouest,38
Sud,38
Sudouest,38
Alberta,39
British Columbia,39
Manitoba,39
New Brunswick,39
Newfoundland and Labrador,39
Northwest Territories,39
Nova Scotia,39
Nunavut,39
Ontario,39
Prince Edward Island,39
Quebec,39
Saskatchewan,39
Yukon,39
Boavista,40
Brava,40
Fogo,40
Maio,40
Sal,40
Santo Antao,40
Sao Nicolau,40
Sao Tiago,40
Sao Vicente,40
Grand Cayman,41
Bamingui-Bangoran,42
Bangui,42
Basse-Kotto,42
Haut-Mbomou,42
Haute-Kotto,42
Kemo,42
Lobaye,42
Mambere-Kadei,42
Mbomou,42
Nana-Gribizi,42
Nana-Mambere,42
Ombella Mpoko,42
Ouaka,42
Ouham,42
Ouham-Pende,42
Sangha-Mbaere,42
Vakaga,42
Batha,43
Biltine,43
Bourkou-Ennedi-Tibesti,43
Chari-Baguirmi,43
Guera,43
Kanem,43
Lac,43
Logone Occidental,43
Logone Oriental,43
Mayo-Kebbi,43
Moyen-Chari,43
Ouaddai,43
Salamat,43
Tandjile,43
Aisen,44
Antofagasta,44
Araucania,44
Atacama,44
Bio Bio,44
Coquimbo,44
Libertador General Bernardo O\',44
Los Lagos,44
Magellanes,44
Maule,44
Metropolitana,44
Metropolitana de Santiago,44
Tarapaca,44
Valparaiso,44
Anhui,45
Anhui Province,45
Anhui Sheng,45
Aomen,45
Beijing,45
Beijing Shi,45
Chongqing,45
Fujian,45
Fujian Sheng,45
Gansu,45
Guangdong,45
Guangdong Sheng,45
Guangxi,45
Guizhou,45
Hainan,45
Hebei,45
Heilongjiang,45
Henan,45
Hubei,45
Hunan,45
Jiangsu,45
Jiangsu Sheng,45
Jiangxi,45
Jilin,45
Liaoning,45
Liaoning Sheng,45
Nei Monggol,45
Ningxia Hui,45
Qinghai,45
Shaanxi,45
Shandong,45
Shandong Sheng,45
Shanghai,45
Shanxi,45
Sichuan,45
Tianjin,45
Xianggang,45
Xinjiang,45
Xizang,45
Yunnan,45
Zhejiang,45
Zhejiang Sheng,45
Christmas Island,46
Cocos (Keeling) Islands,47
Amazonas,48
Antioquia,48
Arauca,48
Atlantico,48
Bogota,48
Bolivar,48
Boyaca,48
Caldas,48
Caqueta,48
Casanare,48
Cauca,48
Cesar,48
Choco,48
Cordoba,48
Cundinamarca,48
Guainia,48
Guaviare,48
Huila,48
La Guajira,48
Magdalena,48
Meta,48
Narino,48
Norte de Santander,48
Putumayo,48
Quindio,48
Risaralda,48
San Andres y Providencia,48
Santander,48
Sucre,48
Tolima,48
Valle del Cauca,48
Vaupes,48
Vichada,48
Mwali,49
Njazidja,49
Nzwani,49
Bouenza,50
Brazzaville,50
Cuvette,50
Kouilou,50
Lekoumou,50
Likouala,50
Niari,50
Plateaux,50
Pool,50
Sangha,50
Aitutaki,52
Atiu,52
Mangaia,52
Manihiki,52
Mauke,52
Mitiaro,52
Nassau,52
Pukapuka,52
Rakahanga,52
Rarotonga,52
Tongareva,52
Alajuela,53
Cartago,53
Guanacaste,53
Heredia,53
Limon,53
Puntarenas,53
San Jose,53
Camaguey,56
Ciego de Avila,56
Cienfuegos,56
Ciudad de la Habana,56
Granma,56
Guantanamo,56
Habana,56
Holguin,56
Isla de la Juventud,56
La Habana,56
Las Tunas,56
Matanzas,56
Pinar del Rio,56
Sancti Spiritus,56
Santiago de Cuba,56
Villa Clara,56
Government controlled area,57
Limassol,57
Nicosia District,57
Paphos,57
Turkish controlled area,57
Central Bohemian,58
Frycovice,58
Jihocesky Kraj,58
Jihochesky,58
Jihomoravsky,58
Karlovarsky,58
Klecany,58
Kralovehradecky,58
Liberecky,58
Lipov,58
Moravskoslezsky,58
Olomoucky,58
Olomoucky Kraj,58
Pardubicky,58
Plzensky,58
Praha,58
Rajhrad,58
Smirice,58
South Moravian,58
Straz nad Nisou,58
Stredochesky,58
Unicov,58
Ustecky,58
Valletta,58
Velesin,58
Vysochina,58
Zlinsky,58
Arhus,59
Bornholm,59
Frederiksborg,59
Fyn,59
Hovedstaden,59
Kobenhavn,59
Kobenhavns Amt,59
Kobenhavns Kommune,59
Nordjylland,59
Ribe,59
Ringkobing,59
Roervig,59
Roskilde,59
Roslev,59
Sjaelland,59
Soeborg,59
Sonderjylland,59
Storstrom,59
Syddanmark,59
Toelloese,59
Vejle,59
Vestsjalland,59
Viborg,59
\'Ali Sabih,60
Dikhil,60
Jibuti,60
Tajurah,60
Ubuk,60
Saint Andrew,61
Saint David,61
Saint George,61
Saint John,61
Saint Joseph,61
Saint Luke,61
Saint Mark,61
Saint Patrick,61
Saint Paul,61
Saint Peter,61
Azua,62
Bahoruco,62
Barahona,62
Dajabon,62
Distrito Nacional,62
Duarte,62
El Seybo,62
Elias Pina,62
Espaillat,62
Hato Mayor,62
Independencia,62
La Altagracia,62
La Romana,62
La Vega,62
Maria Trinidad Sanchez,62
Monsenor Nouel,62
Monte Cristi,62
Monte Plata,62
Pedernales,62
Peravia,62
Puerto Plata,62
Salcedo,62
Samana,62
San Cristobal,62
San Juan,62
San Pedro de Macoris,62
Sanchez Ramirez,62
Santiago,62
Santiago Rodriguez,62
Valverde,62
Aileu,63
Ainaro,63
Ambeno,63
Baucau,63
Bobonaro,63
Cova Lima,63
Dili,63
Ermera,63
Lautem,63
Liquica,63
Manatuto,63
Manufahi,63
Viqueque,63
Azuay,64
Bolivar,64
Canar,64
Carchi,64
Chimborazo,64
Cotopaxi,64
El Oro,64
Esmeraldas,64
Galapagos,64
Guayas,64
Imbabura,64
Loja,64
Los Rios,64
Manabi,64
Morona Santiago,64
Napo,64
Orellana,64
Pastaza,64
Pichincha,64
Sucumbios,64
Tungurahua,64
Zamora Chinchipe,64
Aswan,65
Asyut,65
Bani Suwayf,65
Bur Sa\'id,65
Cairo,65
Dumyat,65
Kafr-ash-Shaykh,65
Matruh,65
Muhafazat ad Daqahliyah,65
Muhafazat al Fayyum,65
Muhafazat al Gharbiyah,65
Muhafazat al Iskandariyah,65
Muhafazat al Qahirah,65
Qina,65
Sawhaj,65
Sina al-Janubiyah,65
Sina ash-Shamaliyah,65
ad-Daqahliyah,65
al-Bahr-al-Ahmar,65
al-Buhayrah,65
al-Fayyum,65
al-Gharbiyah,65
al-Iskandariyah,65
al-Ismailiyah,65
al-Jizah,65
al-Minufiyah,65
al-Minya,65
al-Qahira,65
al-Qalyubiyah,65
al-Uqsur,65
al-Wadi al-Jadid,65
as-Suways,65
ash-Sharqiyah,65
Ahuachapan,66
Cabanas,66
Chalatenango,66
Cuscatlan,66
La Libertad,66
La Paz,66
La Union,66
Morazan,66
San Miguel,66
San Salvador,66
San Vicente,66
Santa Ana,66
Sonsonate,66
Usulutan,66
Annobon,67
Bioko Norte,67
Bioko Sur,67
Centro Sur,67
Kie-Ntem,67
Litoral,67
Wele-Nzas,67
Anseba,68
Debub,68
Debub-Keih-Bahri,68
Gash-Barka,68
Maekel,68
Semien-Keih-Bahri,68
Harju,69
Hiiu,69
Ida-Viru,69
Jarva,69
Jogeva,69
Laane,69
Laane-Viru,69
Parnu,69
Polva,69
Rapla,69
Saare,69
Tartu,69
Valga,69
Viljandi,69
Voru,69
Addis Abeba,70
Afar,70
Amhara,70
Benishangul,70
Diredawa,70
Gambella,70
Harar,70
Jigjiga,70
Mekele,70
Oromia,70
Somali,70
Southern,70
Tigray,70
Falkland Islands,71
South Georgia,71
Klaksvik,72
Nor ara Eysturoy,72
Nor oy,72
Sandoy,72
Streymoy,72
Su uroy,72
Sy ra Eysturoy,72
Torshavn,72
Vaga,72
Central,73
Eastern,73
Northern,73
South Pacific,73
Western,73
Ahvenanmaa,74
Etela-Karjala,74
Etela-Pohjanmaa,74
Etela-Savo,74
Etela-Suomen Laani,74
Ita-Suomen Laani,74
Ita-Uusimaa,74
Kainuu,74
Kanta-Hame,74
Keski-Pohjanmaa,74
Keski-Suomi,74
Kymenlaakso,74
Lansi-Suomen Laani,74
Lappi,74
Northern Savonia,74
Ostrobothnia,74
Oulun Laani,74
Paijat-Hame,74
Pirkanmaa,74
Pohjanmaa,74
Pohjois-Karjala,74
Pohjois-Pohjanmaa,74
Pohjois-Savo,74
Saarijarvi,74
Satakunta,74
Southern Savonia,74
Tavastia Proper,74
Uleaborgs Lan,74
Uusimaa,74
Varsinais-Suomi,74
Ain,75
Aisne,75
Albi Le Sequestre,75
Allier,75
Alpes-Cote dAzur,75
Alpes-Maritimes,75
Alpes-de-Haute-Provence,75
Alsace,75
Aquitaine,75
Ardeche,75
Ardennes,75
Ariege,75
Aube,75
Aude,75
Auvergne,75
Aveyron,75
Bas-Rhin,75
Basse-Normandie,75
Bouches-du-Rhone,75
Bourgogne,75
Bretagne,75
Brittany,75
Burgundy,75
Calvados,75
Cantal,75
Cedex,75
Centre,75
Charente,75
Charente-Maritime,75
Cher,75
Correze,75
Corse-du-Sud,75
Cote-d\'Or,75
Cotes-d\'Armor,75
Creuse,75
Crolles,75
Deux-Sevres,75
Dordogne,75
Doubs,75
Drome,75
Essonne,75
Eure,75
Eure-et-Loir,75
Feucherolles,75
Finistere,75
Franche-Comte,75
Gard,75
Gers,75
Gironde,75
Haut-Rhin,75
Haute-Corse,75
Haute-Garonne,75
Haute-Loire,75
Haute-Marne,75
Haute-Saone,75
Haute-Savoie,75
Haute-Vienne,75
Hautes-Alpes,75
Hautes-Pyrenees,75
Hauts-de-Seine,75
Herault,75
Ile-de-France,75
Ille-et-Vilaine,75
Indre,75
Indre-et-Loire,75
Isere,75
Jura,75
Klagenfurt,75
Landes,75
Languedoc-Roussillon,75
Larcay,75
Le Castellet,75
Le Creusot,75
Limousin,75
Loir-et-Cher,75
Loire,75
Loire-Atlantique,75
Loiret,75
Lorraine,75
Lot,75
Lot-et-Garonne,75
Lower Normandy,75
Lozere,75
Maine-et-Loire,75
Manche,75
Marne,75
Mayenne,75
Meurthe-et-Moselle,75
Meuse,75
Midi-Pyrenees,75
Morbihan,75
Moselle,75
Nievre,75
Nord,75
Nord-Pas-de-Calais,75
Oise,75
Orne,75
Paris,75
Pas-de-Calais,75
Pays de la Loire,75
Pays-de-la-Loire,75
Picardy,75
Puy-de-Dome,75
Pyrenees-Atlantiques,75
Pyrenees-Orientales,75
Quelmes,75
Rhone,75
Rhone-Alpes,75
Saint Ouen,75
Saint Viatre,75
Saone-et-Loire,75
Sarthe,75
Savoie,75
Seine-Maritime,75
Seine-Saint-Denis,75
Seine-et-Marne,75
Somme,75
Sophia Antipolis,75
Souvans,75
Tarn,75
Tarn-et-Garonne,75
Territoire de Belfort,75
Treignac,75
Upper Normandy,75
Val-d\'Oise,75
Val-de-Marne,75
Var,75
Vaucluse,75
Vellise,75
Vendee,75
Vienne,75
Vosges,75
Yonne,75
Yvelines,75
Cayenne,76
Saint-Laurent-du-Maroni,76
Iles du Vent,77
Iles sous le Vent,77
Marquesas,77
Tuamotu,77
Tubuai,77
Amsterdam,78
Crozet Islands,78
Kerguelen,78
Estuaire,79
Haut-Ogooue,79
Moyen-Ogooue,79
Ngounie,79
Nyanga,79
Ogooue-Ivindo,79
Ogooue-Lolo,79
Ogooue-Maritime,79
Woleu-Ntem,79
Banjul,80
Basse,80
Brikama,80
Janjanbureh,80
Kanifing,80
Kerewan,80
Kuntaur,80
Mansakonko,80
Abhasia,81
Ajaria,81
Guria,81
Imereti,81
Kaheti,81
Kvemo Kartli,81
Mcheta-Mtianeti,81
Racha,81
Samagrelo-Zemo Svaneti,81
Samche-Zhavaheti,81
Shida Kartli,81
Tbilisi,81
Auvergne,82
Baden-Wurttemberg,82
Bavaria,82
Bayern,82
Beilstein Wurtt,82
Berlin,82
Brandenburg,82
Bremen,82
Dreisbach,82
Freistaat Bayern,82
Hamburg,82
Hannover,82
Heroldstatt,82
Hessen,82
Kortenberg,82
Laasdorf,82
Land Baden-Wurttemberg,82
Land Bayern,82
Land Brandenburg,82
Land Hessen,82
Land Mecklenburg-Vorpommern,82
Land Nordrhein-Westfalen,82
Land Rheinland-Pfalz,82
Land Sachsen,82
Land Sachsen-Anhalt,82
Land Thuringen,82
Lower Saxony,82
Mecklenburg-Vorpommern,82
Mulfingen,82
Munich,82
Neubeuern,82
Niedersachsen,82
Noord-Holland,82
Nordrhein-Westfalen,82
North Rhine-Westphalia,82
Osterode,82
Rheinland-Pfalz,82
Rhineland-Palatinate,82
Saarland,82
Sachsen,82
Sachsen-Anhalt,82
Saxony,82
Schleswig-Holstein,82
Thuringia,82
Webling,82
Weinstrabe,82
schlobborn,82
Ashanti,83
Brong-Ahafo,83
Central,83
Eastern,83
Greater Accra,83
Northern,83
Upper East,83
Upper West,83
Volta,83
Western,83
Gibraltar,84
Acharnes,85
Ahaia,85
Aitolia kai Akarnania,85
Argolis,85
Arkadia,85
Arta,85
Attica,85
Attiki,85
Ayion Oros,85
Crete,85
Dodekanisos,85
Drama,85
Evia,85
Evritania,85
Evros,85
Evvoia,85
Florina,85
Fokis,85
Fthiotis,85
Grevena,85
Halandri,85
Halkidiki,85
Hania,85
Heraklion,85
Hios,85
Ilia,85
Imathia,85
Ioannina,85
Iraklion,85
Karditsa,85
Kastoria,85
Kavala,85
Kefallinia,85
Kerkira,85
Kiklades,85
Kilkis,85
Korinthia,85
Kozani,85
Lakonia,85
Larisa,85
Lasithi,85
Lesvos,85
Levkas,85
Magnisia,85
Messinia,85
Nomos Attikis,85
Nomos Zakynthou,85
Pella,85
Pieria,85
Piraios,85
Preveza,85
Rethimni,85
Rodopi,85
Samos,85
Serrai,85
Thesprotia,85
Thessaloniki,85
Trikala,85
Voiotia,85
West Greece,85
Xanthi,85
Zakinthos,85
Aasiaat,86
Ammassalik,86
Illoqqortoormiut,86
Ilulissat,86
Ivittuut,86
Kangaatsiaq,86
Maniitsoq,86
Nanortalik,86
Narsaq,86
Nuuk,86
Paamiut,86
Qaanaaq,86
Qaqortoq,86
Qasigiannguit,86
Qeqertarsuaq,86
Sisimiut,86
Udenfor kommunal inddeling,86
Upernavik,86
Uummannaq,86
Carriacou-Petite Martinique,87
Saint Andrew,87
Saint Davids,87
Saint George\'s,87
Saint John,87
Saint Mark,87
Saint Patrick,87
Basse-Terre,88
Grande-Terre,88
Iles des Saintes,88
La Desirade,88
Marie-Galante,88
Saint Barthelemy,88
Saint Martin,88
Agana Heights,89
Agat,89
Barrigada,89
Chalan-Pago-Ordot,89
Dededo,89
Hagatna,89
Inarajan,89
Mangilao,89
Merizo,89
Mongmong-Toto-Maite,89
Santa Rita,89
Sinajana,89
Talofofo,89
Tamuning,89
Yigo,89
Yona,89
Alta Verapaz,90
Baja Verapaz,90
Chimaltenango,90
Chiquimula,90
El Progreso,90
Escuintla,90
Guatemala,90
Huehuetenango,90
Izabal,90
Jalapa,90
Jutiapa,90
Peten,90
Quezaltenango,90
Quiche,90
Retalhuleu,90
Sacatepequez,90
San Marcos,90
Santa Rosa,90
Solola,90
Suchitepequez,90
Totonicapan,90
Zacapa,90
Alderney,91
Castel,91
Forest,91
Saint Andrew,91
Saint Martin,91
Saint Peter Port,91
Saint Pierre du Bois,91
Saint Sampson,91
Saint Saviour,91
Sark,91
Torteval,91
Vale,91
Beyla,92
Boffa,92
Boke,92
Conakry,92
Coyah,92
Dabola,92
Dalaba,92
Dinguiraye,92
Faranah,92
Forecariah,92
Fria,92
Gaoual,92
Gueckedou,92
Kankan,92
Kerouane,92
Kindia,92
Kissidougou,92
Koubia,92
Koundara,92
Kouroussa,92
Labe,92
Lola,92
Macenta,92
Mali,92
Mamou,92
Mandiana,92
Nzerekore,92
Pita,92
Siguiri,92
Telimele,92
Tougue,92
Yomou,92
Bafata,93
Bissau,93
Bolama,93
Cacheu,93
Gabu,93
Oio,93
Quinara,93
Tombali,93
Barima-Waini,94
Cuyuni-Mazaruni,94
Demerara-Mahaica,94
East Berbice-Corentyne,94
Essequibo Islands-West Demerar,94
Mahaica-Berbice,94
Pomeroon-Supenaam,94
Potaro-Siparuni,94
Upper Demerara-Berbice,94
Upper Takutu-Upper Essequibo,94
Artibonite,95
Centre,95
Grand\'Anse,95
Nord,95
Nord-Est,95
Nord-Ouest,95
Ouest,95
Sud,95
Sud-Est,95
Heard and McDonald Islands,96
Atlantida,97
Choluteca,97
Colon,97
Comayagua,97
Copan,97
Cortes,97
Distrito Central,97
El Paraiso,97
Francisco Morazan,97
Gracias a Dios,97
Intibuca,97
Islas de la Bahia,97
La Paz,97
Lempira,97
Ocotepeque,97
Olancho,97
Santa Barbara,97
Valle,97
Yoro,97
Hong Kong,98
Bacs-Kiskun,99
Baranya,99
Bekes,99
Borsod-Abauj-Zemplen,99
Budapest,99
Csongrad,99
Fejer,99
Gyor-Moson-Sopron,99
Hajdu-Bihar,99
Heves,99
Jasz-Nagykun-Szolnok,99
Komarom-Esztergom,99
Nograd,99
Pest,99
Somogy,99
Szabolcs-Szatmar-Bereg,99
Tolna,99
Vas,99
Veszprem,99
Zala,99
Austurland,100
Gullbringusysla,100
Hofu borgarsva i,100
Nor urland eystra,100
Nor urland vestra,100
Su urland,100
Su urnes,100
Vestfir ir,100
Vesturland,100
Andaman and Nicobar Islands,101
Andhra Pradesh,101
Arunachal Pradesh,101
Assam,101
Bihar,101
Chandigarh,101
Chhattisgarh,101
Dadra and Nagar Haveli,101
Daman and Diu,101
Delhi,101
Goa,101
Gujarat,101
Haryana,101
Himachal Pradesh,101
Jammu and Kashmir,101
Jharkhand,101
Karnataka,101
Kenmore,101
Kerala,101
Lakshadweep,101
Madhya Pradesh,101
Maharashtra,101
Manipur,101
Meghalaya,101
Mizoram,101
Nagaland,101
Narora,101
Natwar,101
Odisha,101
Paschim Medinipur,101
Pondicherry,101
Punjab,101
Rajasthan,101
Sikkim,101
Tamil Nadu,101
Telangana,101
Tripura,101
Uttar Pradesh,101
Uttarakhand,101
Vaishali,101
West Bengal,101
Aceh,102
Bali,102
Bangka-Belitung,102
Banten,102
Bengkulu,102
Gandaria,102
Gorontalo,102
Jakarta,102
Jambi,102
Jawa Barat,102
Jawa Tengah,102
Jawa Timur,102
Kalimantan Barat,102
Kalimantan Selatan,102
Kalimantan Tengah,102
Kalimantan Timur,102
Kendal,102
Lampung,102
Maluku,102
Maluku Utara,102
Nusa Tenggara Barat,102
Nusa Tenggara Timur,102
Papua,102
Riau,102
Riau Kepulauan,102
Solo,102
Sulawesi Selatan,102
Sulawesi Tengah,102
Sulawesi Tenggara,102
Sulawesi Utara,102
Sumatera Barat,102
Sumatera Selatan,102
Sumatera Utara,102
Yogyakarta,102
Ardabil,103
Azarbayjan-e Bakhtari,103
Azarbayjan-e Khavari,103
Bushehr,103
Chahar Mahal-e Bakhtiari,103
Esfahan,103
Fars,103
Gilan,103
Golestan,103
Hamadan,103
Hormozgan,103
Ilam,103
Kerman,103
Kermanshah,103
Khorasan,103
Khuzestan,103
Kohgiluyeh-e Boyerahmad,103
Kordestan,103
Lorestan,103
Markazi,103
Mazandaran,103
Ostan-e Esfahan,103
Qazvin,103
Qom,103
Semnan,103
Sistan-e Baluchestan,103
Tehran,103
Yazd,103
Zanjan,103
Babil,104
Baghdad,104
Dahuk,104
Dhi Qar,104
Diyala,104
Erbil,104
Irbil,104
Karbala,104
Kurdistan,104
Maysan,104
Ninawa,104
Salah-ad-Din,104
Wasit,104
al-Anbar,104
al-Basrah,104
al-Muthanna,104
al-Qadisiyah,104
an-Najaf,104
as-Sulaymaniyah,104
at-Ta\'mim,104
Armagh,105
Carlow,105
Cavan,105
Clare,105
Cork,105
Donegal,105
Dublin,105
Galway,105
Kerry,105
Kildare,105
Kilkenny,105
Laois,105
Leinster,105
Leitrim,105
Limerick,105
Loch Garman,105
Longford,105
Louth,105
Mayo,105
Meath,105
Monaghan,105
Offaly,105
Roscommon,105
Sligo,105
Tipperary North Riding,105
Tipperary South Riding,105
Ulster,105
Waterford,105
Westmeath,105
Wexford,105
Wicklow,105
Beit Hanania,106
Ben Gurion Airport,106
Bethlehem,106
Caesarea,106
Centre,106
Gaza,106
Hadaron,106
Haifa District,106
Hamerkaz,106
Hazafon,106
Hebron,106
Jaffa,106
Jerusalem,106
Khefa,106
Kiryat Yam,106
Lower Galilee,106
Qalqilya,106
Talme Elazar,106
Tel Aviv,106
Tsafon,106
Umm El Fahem,106
Yerushalayim,106
Abruzzi,107
Abruzzo,107
Agrigento,107
Alessandria,107
Ancona,107
Arezzo,107
Ascoli Piceno,107
Asti,107
Avellino,107
Bari,107
Basilicata,107
Belluno,107
Benevento,107
Bergamo,107
Biella,107
Bologna,107
Bolzano,107
Brescia,107
Brindisi,107
Calabria,107
Campania,107
Cartoceto,107
Caserta,107
Catania,107
Chieti,107
Como,107
Cosenza,107
Cremona,107
Cuneo,107
Emilia-Romagna,107
Ferrara,107
Firenze,107
Florence,107
Forli-Cesena ,107
Friuli-Venezia Giulia,107
Frosinone,107
Genoa,107
Gorizia,107
L\'Aquila,107
Lazio,107
Lecce,107
Lecco,107
Lecco Province,107
Liguria,107
Lodi,107
Lombardia,107
Lombardy,107
Macerata,107
Mantova,107
Marche,107
Messina,107
Milan,107
Modena,107
Molise,107
Molteno,107
Montenegro,107
Monza and Brianza,107
Naples,107
Novara,107
Padova,107
Parma,107
Pavia,107
Perugia,107
Pesaro-Urbino,107
Piacenza,107
Piedmont,107
Piemonte,107
Pisa,107
Pordenone,107
Potenza,107
Puglia,107
Reggio Emilia,107
Rimini,107
Roma,107
Salerno,107
Sardegna,107
Sassari,107
Savona,107
Sicilia,107
Siena,107
Sondrio,107
South Tyrol,107
Taranto,107
Teramo,107
Torino,107
Toscana,107
Trapani,107
Trentino-Alto Adige,107
Trento,107
Treviso,107
Udine,107
Umbria,107
Valle d\'Aosta,107
Varese,107
Veneto,107
Venezia,107
Verbano-Cusio-Ossola,107
Vercelli,107
Verona,107
Vicenza,107
Viterbo,107
Buxoro Viloyati,108
Clarendon,108
Hanover,108
Kingston,108
Manchester,108
Portland,108
Saint Andrews,108
Saint Ann,108
Saint Catherine,108
Saint Elizabeth,108
Saint James,108
Saint Mary,108
Saint Thomas,108
Trelawney,108
Westmoreland,108
Aichi,109
Akita,109
Aomori,109
Chiba,109
Ehime,109
Fukui,109
Fukuoka,109
Fukushima,109
Gifu,109
Gumma,109
Hiroshima,109
Hokkaido,109
Hyogo,109
Ibaraki,109
Ishikawa,109
Iwate,109
Kagawa,109
Kagoshima,109
Kanagawa,109
Kanto,109
Kochi,109
Kumamoto,109
Kyoto,109
Mie,109
Miyagi,109
Miyazaki,109
Nagano,109
Nagasaki,109
Nara,109
Niigata,109
Oita,109
Okayama,109
Okinawa,109
Osaka,109
Saga,109
Saitama,109
Shiga,109
Shimane,109
Shizuoka,109
Tochigi,109
Tokushima,109
Tokyo,109
Tottori,109
Toyama,109
Wakayama,109
Yamagata,109
Yamaguchi,109
Yamanashi,109
Grouville,110
Saint Brelade,110
Saint Clement,110
Saint Helier,110
Saint John,110
Saint Lawrence,110
Saint Martin,110
Saint Mary,110
Saint Peter,110
Saint Saviour,110
Trinity,110
\'Ajlun,111
Amman,111
Irbid,111
Jarash,111
Ma\'an,111
Madaba,111
al-\'Aqabah,111
al-Balqa\',111
al-Karak,111
al-Mafraq,111
at-Tafilah,111
az-Zarqa\',111
Akmecet,112
Akmola,112
Aktobe,112
Almati,112
Atirau,112
Batis Kazakstan,112
Burlinsky Region,112
Karagandi,112
Kostanay,112
Mankistau,112
Ontustik Kazakstan,112
Pavlodar,112
Sigis Kazakstan,112
Soltustik Kazakstan,112
Taraz,112
Central,113
Coast,113
Eastern,113
Nairobi,113
North Eastern,113
Nyanza,113
Rift Valley,113
Western,113
Abaiang,114
Abemana,114
Aranuka,114
Arorae,114
Banaba,114
Beru,114
Butaritari,114
Kiritimati,114
Kuria,114
Maiana,114
Makin,114
Marakei,114
Nikunau,114
Nonouti,114
Onotoa,114
Phoenix Islands,114
Tabiteuea North,114
Tabiteuea South,114
Tabuaeran,114
Tamana,114
Tarawa North,114
Tarawa South,114
Teraina,114
Busan,116
Cheju,116
Chollabuk,116
Chollanam,116
Chungbuk,116
Chungcheongbuk,116
Chungcheongnam,116
Chungnam,116
Daegu,116
Gangwon-do,116
Goyang-si,116
Gyeonggi-do,116
Gyeongsang ,116
Gyeongsangnam-do,116
Incheon,116
Jeju-Si,116
Jeonbuk,116
Kangweon,116
Kwangju,116
Kyeonggi,116
Kyeongsangbuk,116
Kyeongsangnam,116
Kyonggi-do,116
Kyungbuk-Do,116
Kyunggi-Do,116
Pusan,116
Seoul,116
Sudogwon,116
Taegu,116
Taejeon,116
Taejon-gwangyoksi,116
Ulsan,116
Wonju,116
gwangyoksi,116
Al Asimah,117
Hawalli,117
Mishref,117
Qadesiya,117
Safat,117
Salmiya,117
al-Ahmadi,117
al-Farwaniyah,117
al-Jahra,117
al-Kuwayt,117
Batken,118
Bishkek,118
Chui,118
Issyk-Kul,118
Jalal-Abad,118
Naryn,118
Osh,118
Talas,118
Attopu,119
Bokeo,119
Bolikhamsay,119
Champasak,119
Houaphanh,119
Khammouane,119
Luang Nam Tha,119
Luang Prabang,119
Oudomxay,119
Phongsaly,119
Saravan,119
Savannakhet,119
Sekong,119
Viangchan Prefecture,119
Viangchan Province,119
Xaignabury,119
Xiang Khuang,119
Aizkraukles,120
Aluksnes,120
Balvu,120
Bauskas,120
Cesu,120
Daugavpils,120
Daugavpils City,120
Dobeles,120
Gulbenes,120
Jekabspils,120
Jelgava,120
Jelgavas,120
Jurmala City,120
Kraslavas,120
Kuldigas,120
Liepaja,120
Liepajas,120
Limbazhu,120
Ludzas,120
Madonas,120
Ogres,120
Preilu,120
Rezekne,120
Rezeknes,120
Riga,120
Rigas,120
Saldus,120
Talsu,120
Tukuma,120
Valkas,120
Valmieras,120
Ventspils,120
Ventspils City,120
Beirut,121
Jabal Lubnan,121
Mohafazat Liban-Nord,121
Mohafazat Mont-Liban,121
Sidon,121
al-Biqa,121
al-Janub,121
an-Nabatiyah,121
ash-Shamal,121
Berea,122
Butha-Buthe,122
Leribe,122
Mafeteng,122
Maseru,122
Mohale\'s Hoek,122
Mokhotlong,122
Qacha\'s Nek,122
Quthing,122
Thaba-Tseka,122
Bomi,123
Bong,123
Grand Bassa,123
Grand Cape Mount,123
Grand Gedeh,123
Loffa,123
Margibi,123
Maryland and Grand Kru,123
Montserrado,123
Nimba,123
Rivercess,123
Sinoe,123
Ajdabiya,124
Banghazi,124
Darnah,124
Ghadamis,124
Gharyan,124
Misratah,124
Murzuq,124
Sabha,124
Sawfajjin,124
Surt,124
Tarabulus,124
Tarhunah,124
Tripolitania,124
Tubruq,124
Yafran,124
Zlitan,124
al-\'Aziziyah,124
al-Fatih,124
al-Jabal al Akhdar,124
al-Jufrah,124
al-Khums,124
al-Kufrah,124
an-Nuqat al-Khams,124
ash-Shati\',124
az-Zawiyah,124
Balzers,125
Eschen,125
Gamprin,125
Mauren,125
Planken,125
Ruggell,125
Schaan,125
Schellenberg,125
Triesen,125
Triesenberg,125
Vaduz,125
Alytaus,126
Anyksciai,126
Kauno,126
Klaipedos,126
Marijampoles,126
Panevezhio,126
Panevezys,126
Shiauliu,126
Taurages,126
Telshiu,126
Telsiai,126
Utenos,126
Vilniaus,126
Capellen,127
Clervaux,127
Diekirch,127
Echternach,127
Esch-sur-Alzette,127
Grevenmacher,127
Luxembourg,127
Mersch,127
Redange,127
Remich,127
Vianden,127
Wiltz,127
Macau,128
Berovo,129
Bitola,129
Brod,129
Debar,129
Delchevo,129
Demir Hisar,129
Gevgelija,129
Gostivar,129
Kavadarci,129
Kichevo,129
Kochani,129
Kratovo,129
Kriva Palanka,129
Krushevo,129
Kumanovo,129
Negotino,129
Ohrid,129
Prilep,129
Probishtip,129
Radovish,129
Resen,129
Shtip,129
Skopje,129
Struga,129
Strumica,129
Sveti Nikole,129
Tetovo,129
Valandovo,129
Veles,129
Vinica,129
Antananarivo,130
Antsiranana,130
Fianarantsoa,130
Mahajanga,130
Toamasina,130
Toliary,130
Balaka,131
Blantyre City,131
Chikwawa,131
Chiradzulu,131
Chitipa,131
Dedza,131
Dowa,131
Karonga,131
Kasungu,131
Lilongwe City,131
Machinga,131
Mangochi,131
Mchinji,131
Mulanje,131
Mwanza,131
Mzimba,131
Mzuzu City,131
Nkhata Bay,131
Nkhotakota,131
Nsanje,131
Ntcheu,131
Ntchisi,131
Phalombe,131
Rumphi,131
Salima,131
Thyolo,131
Zomba Municipality,131
Johor,132
Kedah,132
Kelantan,132
Kuala Lumpur,132
Labuan,132
Melaka,132
Negeri Johor,132
Negeri Sembilan,132
Pahang,132
Penang,132
Perak,132
Perlis,132
Pulau Pinang,132
Sabah,132
Sarawak,132
Selangor,132
Sembilan,132
Terengganu,132
Alif Alif,133
Alif Dhaal,133
Baa,133
Dhaal,133
Faaf,133
Gaaf Alif,133
Gaaf Dhaal,133
Ghaviyani,133
Haa Alif,133
Haa Dhaal,133
Kaaf,133
Laam,133
Lhaviyani,133
Male,133
Miim,133
Nuun,133
Raa,133
Shaviyani,133
Siin,133
Thaa,133
Vaav,133
Bamako,134
Gao,134
Kayes,134
Kidal,134
Koulikoro,134
Mopti,134
Segou,134
Sikasso,134
Tombouctou,134
Gozo and Comino,135
Inner Harbour,135
Northern,135
Outer Harbour,135
South Eastern,135
Valletta,135
Western,135
Castletown,136
Douglas,136
Laxey,136
Onchan,136
Peel,136
Port Erin,136
Port Saint Mary,136
Ramsey,136
Ailinlaplap,137
Ailuk,137
Arno,137
Aur,137
Bikini,137
Ebon,137
Enewetak,137
Jabat,137
Jaluit,137
Kili,137
Kwajalein,137
Lae,137
Lib,137
Likiep,137
Majuro,137
Maloelap,137
Mejit,137
Mili,137
Namorik,137
Namu,137
Rongelap,137
Ujae,137
Utrik,137
Wotho,137
Wotje,137
Fort-de-France,138
La Trinite,138
Le Marin,138
Saint-Pierre,138
Adrar,139
Assaba,139
Brakna,139
Dhakhlat Nawadibu,139
Hudh-al-Gharbi,139
Hudh-ash-Sharqi,139
Inshiri,139
Nawakshut,139
Qidimagha,139
Qurqul,139
Taqant,139
Tiris Zammur,139
Trarza,139
Black River,140
Eau Coulee,140
Flacq,140
Floreal,140
Grand Port,140
Moka,140
Pamplempousses,140
Plaines Wilhelm,140
Port Louis,140
Riviere du Rempart,140
Rodrigues,140
Rose Hill,140
Savanne,140
Mayotte,141
Pamanzi,141
Aguascalientes,142
Baja California,142
Baja California Sur,142
Campeche,142
Chiapas,142
Chihuahua,142
Coahuila,142
Colima,142
Distrito Federal,142
Durango,142
Estado de Mexico,142
Guanajuato,142
Guerrero,142
Hidalgo,142
Jalisco,142
Mexico,142
Michoacan,142
Morelos,142
Nayarit,142
Nuevo Leon,142
Oaxaca,142
Puebla,142
Queretaro,142
Quintana Roo,142
San Luis Potosi,142
Sinaloa,142
Sonora,142
Tabasco,142
Tamaulipas,142
Tlaxcala,142
Veracruz,142
Yucatan,142
Zacatecas,142
Chuuk,143
Kusaie,143
Pohnpei,143
Yap,143
Balti,144
Cahul,144
Chisinau,144
Chisinau Oras,144
Edinet,144
Gagauzia,144
Lapusna,144
Orhei,144
Soroca,144
Taraclia,144
Tighina,144
Transnistria,144
Ungheni,144
Fontvieille,145
La Condamine,145
Monaco-Ville,145
Monte Carlo,145
Arhangaj,146
Bajan-Olgij,146
Bajanhongor,146
Bulgan,146
Darhan-Uul,146
Dornod,146
Dornogovi,146
Dundgovi,146
Govi-Altaj,146
Govisumber,146
Hentij,146
Hovd,146
Hovsgol,146
Omnogovi,146
Orhon,146
Ovorhangaj,146
Selenge,146
Suhbaatar,146
Tov,146
Ulaanbaatar,146
Uvs,146
Zavhan,146
Montserrat,148
Agadir,149
Casablanca,149
Chaouia-Ouardigha,149
Doukkala-Abda,149
Fes-Boulemane,149
Gharb-Chrarda-Beni Hssen,149
Guelmim,149
Kenitra,149
Marrakech-Tensift-Al Haouz,149
Meknes-Tafilalet,149
Oriental,149
Oujda,149
Province de Tanger,149
Rabat-Sale-Zammour-Zaer,149
Sala Al Jadida,149
Settat,149
Souss Massa-Draa,149
Tadla-Azilal,149
Tangier-Tetouan,149
Taza-Al Hoceima-Taounate,149
Wilaya de Casablanca,149
Wilaya de Rabat-Sale,149
Cabo Delgado,150
Gaza,150
Inhambane,150
Manica,150
Maputo,150
Maputo Provincia,150
Nampula,150
Niassa,150
Sofala,150
Tete,150
Zambezia,150
Ayeyarwady,151
Bago,151
Chin,151
Kachin,151
Kayah,151
Kayin,151
Magway,151
Mandalay,151
Mon,151
Nay Pyi Taw,151
Rakhine,151
Sagaing,151
Shan,151
Tanintharyi,151
Yangon,151
Caprivi,152
Erongo,152
Hardap,152
Karas,152
Kavango,152
Khomas,152
Kunene,152
Ohangwena,152
Omaheke,152
Omusati,152
Oshana,152
Oshikoto,152
Otjozondjupa,152
Yaren,153
Bagmati,154
Bheri,154
Dhawalagiri,154
Gandaki,154
Janakpur,154
Karnali,154
Koshi,154
Lumbini,154
Mahakali,154
Mechi,154
Narayani,154
Rapti,154
Sagarmatha,154
Seti,154
Bonaire,155
Curacao,155
Saba,155
Sint Eustatius,155
Sint Maarten,155
Amsterdam,156
Benelux,156
Drenthe,156
Flevoland,156
Friesland,156
Gelderland,156
Groningen,156
Limburg,156
Noord-Brabant,156
Noord-Holland,156
Overijssel,156
South Holland,156
Utrecht,156
Zeeland,156
Zuid-Holland,156
Iles,157
Nord,157
Sud,157
Area Outside Region,158
Auckland,158
Bay of Plenty,158
Canterbury,158
Christchurch,158
Gisborne,158
Hawke\'s Bay,158
Manawatu-Wanganui,158
Marlborough,158
Nelson,158
Northland,158
Otago,158
Rodney,158
Southland,158
Taranaki,158
Tasman,158
Waikato,158
Wellington,158
West Coast,158
Atlantico Norte,159
Atlantico Sur,159
Boaco,159
Carazo,159
Chinandega,159
Chontales,159
Esteli,159
Granada,159
Jinotega,159
Leon,159
Madriz,159
Managua,159
Masaya,159
Matagalpa,159
Nueva Segovia,159
Rio San Juan,159
Rivas,159
Agadez,160
Diffa,160
Dosso,160
Maradi,160
Niamey,160
Tahoua,160
Tillabery,160
Zinder,160
Abia,161
Abuja FCT,161
Adamawa,161
Akwa Ibom,161
Anambra,161
Bauchi,161
Bayelsa,161
Benue,161
Borno,161
Cross River,161
Delta,161
Ebonyi,161
Edo,161
Ekiti,161
Enugu,161
Gombe,161
Imo,161
Jigawa,161
Kaduna,161
Kano,161
Katsina,161
Kebbi,161
Kogi,161
Kwara,161
Lagos,161
Nassarawa,161
Niger,161
Ogun,161
Ondo,161
Osun,161
Oyo,161
Plateau,161
Rivers,161
Sokoto,161
Taraba,161
Yobe,161
Zamfara,161
Niue,162
Norfolk Island,163
Northern Islands,164
Rota,164
Saipan,164
Tinian,164
Akershus,165
Aust Agder,165
Bergen,165
Buskerud,165
Finnmark,165
Hedmark,165
Hordaland,165
Moere og Romsdal,165
Nord Trondelag,165
Nordland,165
Oestfold,165
Oppland,165
Oslo,165
Rogaland,165
Soer Troendelag,165
Sogn og Fjordane,165
Stavern,165
Sykkylven,165
Telemark,165
Troms,165
Vest Agder,165
Vestfold,165
ÃƒÂƒÃ†Â’ÃƒÂ‚Ã‹Âœstfold,165
Al Buraimi,166
Dhufar,166
Masqat,166
Musandam,166
Rusayl,166
Wadi Kabir,166
ad-Dakhiliyah,166
adh-Dhahirah,166
al-Batinah,166
ash-Sharqiyah,166
Baluchistan,167
Federal Capital Area,167
Federally administered Tribal ,167
North-West Frontier,167
Northern Areas,167
Punjab,167
Sind,167
Aimeliik,168
Airai,168
Angaur,168
Hatobohei,168
Kayangel,168
Koror,168
Melekeok,168
Ngaraard,168
Ngardmau,168
Ngaremlengui,168
Ngatpang,168
Ngchesar,168
Ngerchelong,168
Ngiwal,168
Peleliu,168
Sonsorol,168
Ariha,169
Bayt Lahm,169
Bethlehem,169
Dayr-al-Balah,169
Ghazzah,169
Ghazzah ash-Shamaliyah,169
Janin,169
Khan Yunis,169
Nabulus,169
Qalqilyah,169
Rafah,169
Ram Allah wal-Birah,169
Salfit,169
Tubas,169
Tulkarm,169
al-Khalil,169
al-Quds,169
Bocas del Toro,170
Chiriqui,170
Cocle,170
Colon,170
Darien,170
Embera,170
Herrera,170
Kuna Yala,170
Los Santos,170
Ngobe Bugle,170
Panama,170
Veraguas,170
East New Britain,171
East Sepik,171
Eastern Highlands,171
Enga,171
Fly River,171
Gulf,171
Madang,171
Manus,171
Milne Bay,171
Morobe,171
National Capital District,171
New Ireland,171
North Solomons,171
Oro,171
Sandaun,171
Simbu,171
Southern Highlands,171
West New Britain,171
Western Highlands,171
Alto Paraguay,172
Alto Parana,172
Amambay,172
Asuncion,172
Boqueron,172
Caaguazu,172
Caazapa,172
Canendiyu,172
Central,172
Concepcion,172
Cordillera,172
Guaira,172
Itapua,172
Misiones,172
Neembucu,172
Paraguari,172
Presidente Hayes,172
San Pedro,172
Amazonas,173
Ancash,173
Apurimac,173
Arequipa,173
Ayacucho,173
Cajamarca,173
Cusco,173
Huancavelica,173
Huanuco,173
Ica,173
Junin,173
La Libertad,173
Lambayeque,173
Lima y Callao,173
Loreto,173
Madre de Dios,173
Moquegua,173
Pasco,173
Piura,173
Puno,173
San Martin,173
Tacna,173
Tumbes,173
Ucayali,173
Batangas,174
Bicol,174
Bulacan,174
Cagayan,174
Caraga,174
Central Luzon,174
Central Mindanao,174
Central Visayas,174
Cordillera,174
Davao,174
Eastern Visayas,174
Greater Metropolitan Area,174
Ilocos,174
Laguna,174
Luzon,174
Mactan,174
Metropolitan Manila Area,174
Muslim Mindanao,174
Northern Mindanao,174
Southern Mindanao,174
Southern Tagalog,174
Western Mindanao,174
Western Visayas,174
Pitcairn Island,175
Biale Blota,176
Dobroszyce,176
Dolnoslaskie,176
Dziekanow Lesny,176
Hopowo,176
Kartuzy,176
Koscian,176
Krakow,176
Kujawsko-Pomorskie,176
Lodzkie,176
Lubelskie,176
Lubuskie,176
Malomice,176
Malopolskie,176
Mazowieckie,176
Mirkow,176
Opolskie,176
Ostrowiec,176
Podkarpackie,176
Podlaskie,176
Polska,176
Pomorskie,176
Poznan,176
Pruszkow,176
Rymanowska,176
Rzeszow,176
Slaskie,176
Stare Pole,176
Swietokrzyskie,176
Warminsko-Mazurskie,176
Warsaw,176
Wejherowo,176
Wielkopolskie,176
Wroclaw,176
Zachodnio-Pomorskie,176
Zukowo,176
Abrantes,177
Acores,177
Alentejo,177
Algarve,177
Braga,177
Centro,177
Distrito de Leiria,177
Distrito de Viana do Castelo,177
Distrito de Vila Real,177
Distrito do Porto,177
Lisboa e Vale do Tejo,177
Madeira,177
Norte,177
Paivas,177
Arecibo,178
Bayamon,178
Carolina,178
Florida,178
Guayama,178
Humacao,178
Mayaguez-Aguadilla,178
Ponce,178
Salinas,178
San Juan,178
Doha,179
Jarian-al-Batnah,179
Umm Salal,179
ad-Dawhah,179
al-Ghuwayriyah,179
al-Jumayliyah,179
al-Khawr,179
al-Wakrah,179
ar-Rayyan,179
ash-Shamal,179
Saint-Benoit,180
Saint-Denis,180
Saint-Paul,180
Saint-Pierre,180
Alba,181
Arad,181
Arges,181
Bacau,181
Bihor,181
Bistrita-Nasaud,181
Botosani,181
Braila,181
Brasov,181
Bucuresti,181
Buzau,181
Calarasi,181
Caras-Severin,181
Cluj,181
Constanta,181
Covasna,181
Dambovita,181
Dolj,181
Galati,181
Giurgiu,181
Gorj,181
Harghita,181
Hunedoara,181
Ialomita,181
Iasi,181
Ilfov,181
Maramures,181
Mehedinti,181
Mures,181
Neamt,181
Olt,181
Prahova,181
Salaj,181
Satu Mare,181
Sibiu,181
Sondelor,181
Suceava,181
Teleorman,181
Timis,181
Tulcea,181
Valcea,181
Vaslui,181
Vrancea,181
Adygeja,182
Aga,182
Alanija,182
Altaj,182
Amur,182
Arhangelsk,182
Astrahan,182
Bashkortostan,182
Belgorod,182
Brjansk,182
Burjatija,182
Chechenija,182
Cheljabinsk,182
Chita,182
Chukotka,182
Chuvashija,182
Dagestan,182
Evenkija,182
Gorno-Altaj,182
Habarovsk,182
Hakasija,182
Hanty-Mansija,182
Ingusetija,182
Irkutsk,182
Ivanovo,182
Jamalo-Nenets,182
Jaroslavl,182
Jevrej,182
Kabardino-Balkarija,182
Kaliningrad,182
Kalmykija,182
Kaluga,182
Kamchatka,182
Karachaj-Cherkessija,182
Karelija,182
Kemerovo,182
Khabarovskiy Kray,182
Kirov,182
Komi,182
Komi-Permjakija,182
Korjakija,182
Kostroma,182
Krasnodar,182
Krasnojarsk,182
Krasnoyarskiy Kray,182
Kurgan,182
Kursk,182
Leningrad,182
Lipeck,182
Magadan,182
Marij El,182
Mordovija,182
Moscow,182
Moskovskaja Oblast,182
Moskovskaya Oblast,182
Moskva,182
Murmansk,182
Nenets,182
Nizhnij Novgorod,182
Novgorod,182
Novokusnezk,182
Novosibirsk,182
Omsk,182
Orenburg,182
Orjol,182
Penza,182
Perm,182
Primorje,182
Pskov,182
Pskovskaya Oblast,182
Rjazan,182
Rostov,182
Saha,182
Sahalin,182
Samara,182
Samarskaya,182
Sankt-Peterburg,182
Saratov,182
Smolensk,182
Stavropol,182
Sverdlovsk,182
Tajmyrija,182
Tambov,182
Tatarstan,182
Tjumen,182
Tomsk,182
Tula,182
Tver,182
Tyva,182
Udmurtija,182
Uljanovsk,182
Ulyanovskaya Oblast,182
Ust-Orda,182
Vladimir,182
Volgograd,182
Vologda,182
Voronezh,182
Butare,183
Byumba,183
Cyangugu,183
Gikongoro,183
Gisenyi,183
Gitarama,183
Kibungo,183
Kibuye,183
Kigali-ngali,183
Ruhengeri,183
Ascension,184
Gough Island,184
Saint Helena,184
Tristan da Cunha,184
Christ Church Nichola Town,185
Saint Anne Sandy Point,185
Saint George Basseterre,185
Saint George Gingerland,185
Saint James Windward,185
Saint John Capesterre,185
Saint John Figtree,185
Saint Mary Cayon,185
Saint Paul Capesterre,185
Saint Paul Charlestown,185
Saint Peter Basseterre,185
Saint Thomas Lowland,185
Saint Thomas Middle Island,185
Trinity Palmetto Point,185
Anse-la-Raye,186
Canaries,186
Castries,186
Choiseul,186
Dennery,186
Gros Inlet,186
Laborie,186
Micoud,186
Soufriere,186
Vieux Fort,186
Miquelon-Langlade,187
Saint-Pierre,187
Charlotte,188
Grenadines,188
Saint Andrew,188
Saint David,188
Saint George,188
Saint Patrick,188
A\'ana,191
Aiga-i-le-Tai,191
Atua,191
Fa\'asaleleaga,191
Gaga\'emauga,191
Gagaifomauga,191
Palauli,191
Satupa\'itea,191
Tuamasaga,191
Va\'a-o-Fonoti,191
Vaisigano,191
Acquaviva,192
Borgo Maggiore,192
Chiesanuova,192
Domagnano,192
Faetano,192
Fiorentino,192
Montegiardino,192
San Marino,192
Serravalle,192
Agua Grande,193
Cantagalo,193
Lemba,193
Lobata,193
Me-Zochi,193
Pague,193
Al Khobar,194
Aseer,194
Ash Sharqiyah,194
Asir,194
Central Province,194
Eastern Province,194
Ha\'il,194
Jawf,194
Jizan,194
Makkah,194
Najran,194
Qasim,194
Tabuk,194
Western Province,194
al-Bahah,194
al-Hudud-ash-Shamaliyah,194
al-Madinah,194
ar-Riyad,194
Dakar,195
Diourbel,195
Fatick,195
Kaolack,195
Kolda,195
Louga,195
Saint-Louis,195
Tambacounda,195
Thies,195
Ziguinchor,195
Central Serbia,196
Kosovo and Metohija,196
Vojvodina,196
Anse Boileau,197
Anse Royale,197
Cascade,197
Takamaka,197
Victoria,197
Eastern,198
Northern,198
Southern,198
Western,198
Singapore,199
Banskobystricky,200
Bratislavsky,200
Kosicky,200
Nitriansky,200
Presovsky,200
Trenciansky,200
Trnavsky,200
Zilinsky,200
Benedikt,201
Gorenjska,201
Gorishka,201
Jugovzhodna Slovenija,201
Koroshka,201
Notranjsko-krashka,201
Obalno-krashka,201
Obcina Domzale,201
Obcina Vitanje,201
Osrednjeslovenska,201
Podravska,201
Pomurska,201
Savinjska,201
Slovenian Littoral,201
Spodnjeposavska,201
Zasavska,201
Central,202
Choiseul,202
Guadalcanal,202
Isabel,202
Makira and Ulawa,202
Malaita,202
Rennell and Bellona,202
Temotu,202
Western,202
Awdal,203
Bakol,203
Banadir,203
Bari,203
Bay,203
Galgudug,203
Gedo,203
Hiran,203
Jubbada Hose,203
Jubbadha Dexe,203
Mudug,203
Nugal,203
Sanag,203
Shabellaha Dhexe,203
Shabellaha Hose,203
Togdher,203
Woqoyi Galbed,203
Eastern Cape,204
Free State,204
Gauteng,204
Kempton Park,204
Kramerville,204
KwaZulu Natal,204
Limpopo,204
Mpumalanga,204
North West,204
Northern Cape,204
Parow,204
Table View,204
Umtentweni,204
Western Cape,204
South Georgia,205
Central Equatoria,206
A Coruna,207
Alacant,207
Alava,207
Albacete,207
Almeria,207
Andalucia,207
Asturias,207
Avila,207
Badajoz,207
Balears,207
Barcelona,207
Bertamirans,207
Biscay,207
Burgos,207
Caceres,207
Cadiz,207
Cantabria,207
Castello,207
Catalunya,207
Ceuta,207
Ciudad Real,207
Comunidad Autonoma de Canarias,207
Comunidad Autonoma de Cataluna,207
Comunidad Autonoma de Galicia,207
Comunidad Autonoma de las Isla,207
Comunidad Autonoma del Princip,207
Comunidad Valenciana,207
Cordoba,207
Cuenca,207
Gipuzkoa,207
Girona,207
Granada,207
Guadalajara,207
Guipuzcoa,207
Huelva,207
Huesca,207
Jaen,207
La Rioja,207
Las Palmas,207
Leon,207
Lerida,207
Lleida,207
Lugo,207
Madrid,207
Malaga,207
Melilla,207
Murcia,207
Navarra,207
Ourense,207
Pais Vasco,207
Palencia,207
Pontevedra,207
Salamanca,207
Santa Cruz de Tenerife,207
Segovia,207
Sevilla,207
Soria,207
Tarragona,207
Tenerife,207
Teruel,207
Toledo,207
Valencia,207
Valladolid,207
Vizcaya,207
Zamora,207
Zaragoza,207
Amparai,208
Anuradhapuraya,208
Badulla,208
Boralesgamuwa,208
Colombo,208
Galla,208
Gampaha,208
Hambantota,208
Kalatura,208
Kegalla,208
Kilinochchi,208
Kurunegala,208
Madakalpuwa,208
Maha Nuwara,208
Malwana,208
Mannarama,208
Matale,208
Matara,208
Monaragala,208
Mullaitivu,208
North Eastern Province,208
North Western Province,208
Nuwara Eliya,208
Polonnaruwa,208
Puttalama,208
Ratnapuraya,208
Southern Province,208
Tirikunamalaya,208
Tuscany,208
Vavuniyawa,208
Western Province,208
Yapanaya,208
kadawatha,208
A\'ali-an-Nil,209
Bahr-al-Jabal,209
Central Equatoria,209
Gharb Bahr-al-Ghazal,209
Gharb Darfur,209
Gharb Kurdufan,209
Gharb-al-Istiwa\'iyah,209
Janub Darfur,209
Janub Kurdufan,209
Junqali,209
Kassala,209
Nahr-an-Nil,209
Shamal Bahr-al-Ghazal,209
Shamal Darfur,209
Shamal Kurdufan,209
Sharq-al-Istiwa\'iyah,209
Sinnar,209
Warab,209
Wilayat al Khartum,209
al-Bahr-al-Ahmar,209
al-Buhayrat,209
al-Jazirah,209
al-Khartum,209
al-Qadarif,209
al-Wahdah,209
an-Nil-al-Abyad,209
an-Nil-al-Azraq,209
ash-Shamaliyah,209
Brokopondo,210
Commewijne,210
Coronie,210
Marowijne,210
Nickerie,210
Para,210
Paramaribo,210
Saramacca,210
Wanica,210
Svalbard,211
Hhohho,212
Lubombo,212
Manzini,212
Shiselweni,212
Alvsborgs Lan,213
Angermanland,213
Blekinge,213
Bohuslan,213
Dalarna,213
Gavleborg,213
Gaza,213
Gotland,213
Halland,213
Jamtland,213
Jonkoping,213
Kalmar,213
Kristianstads,213
Kronoberg,213
Norrbotten,213
Orebro,213
Ostergotland,213
Saltsjo-Boo,213
Skane,213
Smaland,213
Sodermanland,213
Stockholm,213
Uppsala,213
Varmland,213
Vasterbotten,213
Vastergotland,213
Vasternorrland,213
Vastmanland,213
Vastra Gotaland,213
Aargau,214
Appenzell Inner-Rhoden,214
Appenzell-Ausser Rhoden,214
Basel-Landschaft,214
Basel-Stadt,214
Bern,214
Canton Ticino,214
Fribourg,214
Geneve,214
Glarus,214
Graubunden,214
Heerbrugg,214
Jura,214
Kanton Aargau,214
Luzern,214
Morbio Inferiore,214
Muhen,214
Neuchatel,214
Nidwalden,214
Obwalden,214
Sankt Gallen,214
Schaffhausen,214
Schwyz,214
Solothurn,214
Thurgau,214
Ticino,214
Uri,214
Valais,214
Vaud,214
Vauffelin,214
Zug,214
Zurich,214
Aleppo,215
Dar\'a,215
Dayr-az-Zawr,215
Dimashq,215
Halab,215
Hamah,215
Hims,215
Idlib,215
Madinat Dimashq,215
Tartus,215
al-Hasakah,215
al-Ladhiqiyah,215
al-Qunaytirah,215
ar-Raqqah,215
as-Suwayda,215
Changhwa,216
Chiayi Hsien,216
Chiayi Shih,216
Eastern Taipei,216
Hsinchu Hsien,216
Hsinchu Shih,216
Hualien,216
Ilan,216
Kaohsiung Hsien,216
Kaohsiung Shih,216
Keelung Shih,216
Kinmen,216
Miaoli,216
Nantou,216
Northern Taiwan,216
Penghu,216
Pingtung,216
Taichung,216
Taichung Hsien,216
Taichung Shih,216
Tainan Hsien,216
Tainan Shih,216
Taipei Hsien,216
Taipei Shih / Taipei Hsien,216
Taitung,216
Taoyuan,216
Yilan,216
Yun-Lin Hsien,216
Yunlin,216
Dushanbe,217
Gorno-Badakhshan,217
Karotegin,217
Khatlon,217
Sughd,217
Arusha,218
Dar es Salaam,218
Dodoma,218
Iringa,218
Kagera,218
Kigoma,218
Kilimanjaro,218
Lindi,218
Mara,218
Mbeya,218
Morogoro,218
Mtwara,218
Mwanza,218
Pwani,218
Rukwa,218
Ruvuma,218
Shinyanga,218
Singida,218
Tabora,218
Tanga,218
Zanzibar and Pemba,218
Amnat Charoen,219
Ang Thong,219
Bangkok,219
Buri Ram,219
Chachoengsao,219
Chai Nat,219
Chaiyaphum,219
Changwat Chaiyaphum,219
Chanthaburi,219
Chiang Mai,219
Chiang Rai,219
Chon Buri,219
Chumphon,219
Kalasin,219
Kamphaeng Phet,219
Kanchanaburi,219
Khon Kaen,219
Krabi,219
Krung Thep,219
Lampang,219
Lamphun,219
Loei,219
Lop Buri,219
Mae Hong Son,219
Maha Sarakham,219
Mukdahan,219
Nakhon Nayok,219
Nakhon Pathom,219
Nakhon Phanom,219
Nakhon Ratchasima,219
Nakhon Sawan,219
Nakhon Si Thammarat,219
Nan,219
Narathiwat,219
Nong Bua Lam Phu,219
Nong Khai,219
Nonthaburi,219
Pathum Thani,219
Pattani,219
Phangnga,219
Phatthalung,219
Phayao,219
Phetchabun,219
Phetchaburi,219
Phichit,219
Phitsanulok,219
Phra Nakhon Si Ayutthaya,219
Phrae,219
Phuket,219
Prachin Buri,219
Prachuap Khiri Khan,219
Ranong,219
Ratchaburi,219
Rayong,219
Roi Et,219
Sa Kaeo,219
Sakon Nakhon,219
Samut Prakan,219
Samut Sakhon,219
Samut Songkhran,219
Saraburi,219
Satun,219
Si Sa Ket,219
Sing Buri,219
Songkhla,219
Sukhothai,219
Suphan Buri,219
Surat Thani,219
Surin,219
Tak,219
Trang,219
Trat,219
Ubon Ratchathani,219
Udon Thani,219
Uthai Thani,219
Uttaradit,219
Yala,219
Yasothon,219
Centre,220
Kara,220
Maritime,220
Plateaux,220
Savanes,220
Atafu,221
Fakaofo,221
Nukunonu,221
Eua,222
Ha\'apai,222
Niuas,222
Tongatapu,222
Vava\'u,222
Arima-Tunapuna-Piarco,223
Caroni,223
Chaguanas,223
Couva-Tabaquite-Talparo,223
Diego Martin,223
Glencoe,223
Penal Debe,223
Point Fortin,223
Port of Spain,223
Princes Town,223
Saint George,223
San Fernando,223
San Juan,223
Sangre Grande,223
Siparia,223
Tobago,223
Aryanah,224
Bajah,224
Bin \'Arus,224
Binzart,224
Gouvernorat de Ariana,224
Gouvernorat de Nabeul,224
Gouvernorat de Sousse,224
Hammamet Yasmine,224
Jundubah,224
Madaniyin,224
Manubah,224
Monastir,224
Nabul,224
Qabis,224
Qafsah,224
Qibili,224
Safaqis,224
Sfax,224
Sidi Bu Zayd,224
Silyanah,224
Susah,224
Tatawin,224
Tawzar,224
Tunis,224
Zaghwan,224
al-Kaf,224
al-Mahdiyah,224
al-Munastir,224
al-Qasrayn,224
al-Qayrawan,224
Adana,225
Adiyaman,225
Afyon,225
Agri,225
Aksaray,225
Amasya,225
Ankara,225
Antalya,225
Ardahan,225
Artvin,225
Aydin,225
Balikesir,225
Bartin,225
Batman,225
Bayburt,225
Bilecik,225
Bingol,225
Bitlis,225
Bolu,225
Burdur,225
Bursa,225
Canakkale,225
Cankiri,225
Corum,225
Denizli,225
Diyarbakir,225
Duzce,225
Edirne,225
Elazig,225
Erzincan,225
Erzurum,225
Eskisehir,225
Gaziantep,225
Giresun,225
Gumushane,225
Hakkari,225
Hatay,225
Icel,225
Igdir,225
Isparta,225
Istanbul,225
Izmir,225
Kahramanmaras,225
Karabuk,225
Karaman,225
Kars,225
Karsiyaka,225
Kastamonu,225
Kayseri,225
Kilis,225
Kirikkale,225
Kirklareli,225
Kirsehir,225
Kocaeli,225
Konya,225
Kutahya,225
Lefkosa,225
Malatya,225
Manisa,225
Mardin,225
Mugla,225
Mus,225
Nevsehir,225
Nigde,225
Ordu,225
Osmaniye,225
Rize,225
Sakarya,225
Samsun,225
Sanliurfa,225
Siirt,225
Sinop,225
Sirnak,225
Sivas,225
Tekirdag,225
Tokat,225
Trabzon,225
Tunceli,225
Usak,225
Van,225
Yalova,225
Yozgat,225
Zonguldak,225
Ahal,226
Asgabat,226
Balkan,226
Dasoguz,226
Lebap,226
Mari,226
Grand Turk,227
South Caicos and East Caicos,227
Funafuti,228
Nanumanga,228
Nanumea,228
Niutao,228
Nui,228
Nukufetau,228
Nukulaelae,228
Vaitupu,228
Central,229
Eastern,229
Northern,229
Western,229
Cherkas\'ka,230
Chernihivs\'ka,230
Chernivets\'ka,230
Crimea,230
Dnipropetrovska,230
Donets\'ka,230
Ivano-Frankivs\'ka,230
Kharkiv,230
Kharkov,230
Khersonska,230
Khmel\'nyts\'ka,230
Kirovohrad,230
Krym,230
Kyyiv,230
Kyyivs\'ka,230
L\'vivs\'ka,230
Luhans\'ka,230
Mykolayivs\'ka,230
Odes\'ka,230
Odessa,230
Poltavs\'ka,230
Rivnens\'ka,230
Sevastopol\',230
Sums\'ka,230
Ternopil\'s\'ka,230
Volyns\'ka,230
Vynnyts\'ka,230
Zakarpats\'ka,230
Zaporizhia,230
Zhytomyrs\'ka,230
Abu Zabi,231
Ajman,231
Dubai,231
Ras al-Khaymah,231
Sharjah,231
Sharjha,231
Umm al Qaywayn,231
al-Fujayrah,231
ash-Shariqah,231
Aberdeen,232
Aberdeenshire,232
Argyll,232
Armagh,232
Bedfordshire,232
Belfast,232
Berkshire,232
Birmingham,232
Brechin,232
Bridgnorth,232
Bristol,232
Buckinghamshire,232
Cambridge,232
Cambridgeshire,232
Channel Islands,232
Cheshire,232
Cleveland,232
Co Fermanagh,232
Conwy,232
Cornwall,232
Coventry,232
Craven Arms,232
Cumbria,232
Denbighshire,232
Derby,232
Derbyshire,232
Devon,232
Dial Code Dungannon,232
Didcot,232
Dorset,232
Dunbartonshire,232
Durham,232
East Dunbartonshire,232
East Lothian,232
East Midlands,232
East Sussex,232
East Yorkshire,232
England,232
Essex,232
Fermanagh,232
Fife,232
Flintshire,232
Fulham,232
Gainsborough,232
Glocestershire,232
Gwent,232
Hampshire,232
Hants,232
Herefordshire,232
Hertfordshire,232
Ireland,232
Isle Of Man,232
Isle of Wight,232
Kenford,232
Kent,232
Kilmarnock,232
Lanarkshire,232
Lancashire,232
Leicestershire,232
Lincolnshire,232
Llanymynech,232
London,232
Ludlow,232
Manchester,232
Mayfair,232
Merseyside,232
Mid Glamorgan,232
Middlesex,232
Mildenhall,232
Monmouthshire,232
Newton Stewart,232
Norfolk,232
North Humberside,232
North Yorkshire,232
Northamptonshire,232
Northants,232
Northern Ireland,232
Northumberland,232
Nottinghamshire,232
Oxford,232
Powys,232
Roos-shire,232
SUSSEX,232
Sark,232
Scotland,232
Scottish Borders,232
Shropshire,232
Somerset,232
South Glamorgan,232
South Wales,232
South Yorkshire,232
Southwell,232
Staffordshire,232
Strabane,232
Suffolk,232
Surrey,232
Twickenham,232
Tyne and Wear,232
Tyrone,232
Utah,232
Wales,232
Warwickshire,232
West Lothian,232
West Midlands,232
West Sussex,232
West Yorkshire,232
Whissendine,232
Wiltshire,232
Wokingham,232
Worcestershire,232
Wrexham,232
Wurttemberg,232
Yorkshire,232
Alabama,233
Alaska,233
Arizona,233
Arkansas,233
Byram,233
California,233
Cokato,233
Colorado,233
Connecticut,233
Delaware,233
District of Columbia,233
Florida,233
Georgia,233
Hawaii,233
Idaho,233
Illinois,233
Indiana,233
Iowa,233
Kansas,233
Kentucky,233
Louisiana,233
Lowa,233
Maine,233
Maryland,233
Massachusetts,233
Medfield,233
Michigan,233
Minnesota,233
Mississippi,233
Missouri,233
Montana,233
Nebraska,233
Nevada,233
New Hampshire,233
New Jersey,233
New Jersy,233
New Mexico,233
New York,233
North Carolina,233
North Dakota,233
Ohio,233
Oklahoma,233
Ontario,233
Oregon,233
Pennsylvania,233
Ramey,233
Rhode Island,233
South Carolina,233
South Dakota,233
Sublimity,233
Tennessee,233
Texas,233
Trimble,233
Utah,233
Vermont,233
Virginia,233
Washington,233
West Virginia,233
Wisconsin,233
Wyoming,233
United States Minor Outlying I,234
Artigas,235
Canelones,235
Cerro Largo,235
Colonia,235
Durazno,235
FLorida,235
Flores,235
Lavalleja,235
Maldonado,235
Montevideo,235
Paysandu,235
Rio Negro,235
Rivera,235
Rocha,235
Salto,235
San Jose,235
Soriano,235
Tacuarembo,235
Treinta y Tres,235
Andijon,236
Buhoro,236
Buxoro Viloyati,236
Cizah,236
Fargona,236
Horazm,236
Kaskadar,236
Korakalpogiston,236
Namangan,236
Navoi,236
Samarkand,236
Sirdare,236
Surhondar,236
Toskent,236
Malampa,237
Penama,237
Sanma,237
Shefa,237
Tafea,237
Torba,237
Vatican City State (Holy See),238
Amazonas,239
Anzoategui,239
Apure,239
Aragua,239
Barinas,239
Bolivar,239
Carabobo,239
Cojedes,239
Delta Amacuro,239
Distrito Federal,239
Falcon,239
Guarico,239
Lara,239
Merida,239
Miranda,239
Monagas,239
Nueva Esparta,239
Portuguesa,239
Sucre,239
Tachira,239
Trujillo,239
Vargas,239
Yaracuy,239
Zulia,239
Bac Giang,240
Binh Dinh,240
Binh Duong,240
Da Nang,240
Dong Bang Song Cuu Long,240
Dong Bang Song Hong,240
Dong Nai,240
Dong Nam Bo,240
Duyen Hai Mien Trung,240
Hanoi,240
Hung Yen,240
Khu Bon Cu,240
Long An,240
Mien Nui Va Trung Du,240
Thai Nguyen,240
Thanh Pho Ho Chi Minh,240
Thu Do Ha Noi,240
Tinh Can Tho,240
Tinh Da Nang,240
Tinh Gia Lai,240
Anegada,241
Jost van Dyke,241
Tortola,241
Saint Croix,242
Saint John,242
Saint Thomas,242
Alo,243
Singave,243
Wallis,243
Bu Jaydur,244
Wad-adh-Dhahab,244
al-\'Ayun,244
as-Samarah,244
\'Adan,245
Abyan,245
Dhamar,245
Hadramaut,245
Hajjah,245
Hudaydah,245
Ibb,245
Lahij,245
Ma\'rib,245
Madinat San\'a,245
Sa\'dah,245
Sana,245
Shabwah,245
Ta\'izz,245
al-Bayda,245
al-Hudaydah,245
al-Jawf,245
al-Mahrah,245
al-Mahwit,245
Central,246
Copperbelt,246
Eastern,246
Luapala,246
Lusaka,246
North-Western,246
Northern,246
Southern,246
Western,246
Bulawayo,247
Harare,247
Manicaland,247
Mashonaland Central,247
Mashonaland East,247
Mashonaland West,247
Masvingo,247
Matabeleland North,247
Matabeleland South,247
Midlands,247
American Samoa,233
Federated States Of Micronesia,233
Guam,233
Marshall Islands,233
Northern Mariana Islands,233
Palau,233
Puerto Rico,233
Virgin Islands,233
